0	[USER] [USER] thank you ; you are really talented; keep going , send to joanne of the timesüëèüëèüòÄ
0	[USER] it's a pretty awesome day today. i'm going to live tonight so stay tuned for updates. i think it's a friend live night
0	marcus is a fucking bitch id like to kick him in the nuts
0	i added a video to a [USER] playlist [URL] ‡¥Ø‡¥æ‡¥ï‡µç‡¥ï‡µã‡¥¨‡µç 1:26-2:4 (1006) james - malayalam bible study
0	[USER] fucking psycho. stay out of disney if you can't be in crowds.
0	god-loyal people, living honest lives, make it much easier for their children. -proverbs 20:7 truth fm dawn break tbt ignition night roys ambu
0	rt [USER]: park jimin fucking did that [URL]
0	rt [USER]: don't you hate when you gotta cuddle with a girl after yall fuck cause you heard she steal .
0	[USER] never rooted for a team that's not cleveland/ohio related as hard as i am right now lol
0	imma have to keep doing this [USER] every fucking day till u say something u letting these weirdos tare this apart
0	angry apc senators reveal why fg must withdraw saraki‚Äôs cct trial [URL] [URL]
0	rt [USER]: why's biskit dressed like a bad bitchüòÇüòÇüòÇ [URL]
0	lavrov has commented the us strike in syria and he is pleased. i'm kidding, he is not at all pleased. [URL]
0	are you a bartender hoping to hone your craft or an at-home cocktail enthusiast looking to learn more? tuesday 4/18‚Ä¶ [URL]
0	501 hurricane further to your great diagram, is this one. this is going to be a part of our model, the audience can‚Ä¶ [URL]
0	[USER] [USER] [USER] they are the worst news channel in india. they should be banned. they call burhan‚Ä¶ [URL]
0	traffic for 5:45 am 757 hrv a hampton roads hr traffic [URL] [URL]
0	great effort by [USER] this week. looks like. a great year ahead for scottish ladies golf. a great finish by shannon mcwilliams today
0	everton v leicester preview: foxes seek sixth straight premier league win [URL] happening now
0	is fucking voice when he sings jasmines part what a mystical fairy
0	[USER] pretty messed up. i understand the sentiment, but i'm sure his family wants his name far away from that place.
0	rt [USER]: [USER] you know your ad is bad when it pisses off every side of every ideological debate
0	girls giting fucked by sweedish women nude [URL]
0	[USER] i need to keep my weight same and not gain fats before my next marathon or i won't do well üò≥
0	so i've discovered this website called [URL] and the idea sounds pretty awesome. basically it's like petitions to show
0	collectible buzz nwt mens $80 san francisco giants majestic black embroidered replica jersey xl‚Ä¶ [URL]
0	i love you is something i feel we need to start saying more...& not just to our family's, friends, or loved ones... but 2 strangers..2 all.üôè
0	making out is having sex? a kiss on the forehead is making out? a kiss on the forehead is having sex? [URL]
0	breaking scandal obama ordered comey to do something sick just to blame ... [URL] via [USER]
0	i just want the fetti fuck u broke ass bitches and niggas!!!!
0	for every political subreddit i block another 3 pop up. just use one reddit. you dont need 5 of them telling me the same thing
0	first 60 days: osceola sheriff plans body cameras, fulfills campaign promises(orlando news) [URL]
0	[USER] my best friend just asked if you were bitchy in real life and i cried bc i couldn't believe she would say such a thing
0	if you wear overalls and you're not a plumber you probably look like an idiot
0	"rt [USER]: i would be mad if a ""friend"" put my business on the internet. bitch i don't even put my business on the internet."
0	[USER] [USER] ha ha you had a fucking vote!!! did you forget the result ? sniggers ...
0	yes!! congrats [USER] - you win the gross incompetence trophy!!! impeach trump [URL]
0	little mix is probably really good and i just doubt them because their a group and i don't like groups
0	i can't decide if i want the green and blue or the pink and yellow gore shirt ahhh [USER] help
0	[USER] [USER] [USER] [USER] twitter is offering to translate your tweet from finnish, i... can't... even...
0	how about making your easter egg hunt a home olympic event? create an obstacle course around the home to earn the ch‚Ä¶ [URL]
1	you no dey bleach again? fans complain about sean tizzle‚Äôs new dark skin (photo) [USER] [URL] top nai jang
0	should be live by 2pm gmt-0 todays guys , sorry about the delay been a little busy working on some streasm stuff for you guys üò≥
0	proud dad as always!! youngest son ryan is being inducted into national honor society tonight. great job ryan!!
0	"""we can't risk world war iii."" i daresay not, after your side lost world war ii. [URL]
0	[USER] how do you manage to make your shows so fucking boring and long without anything ever happening
0	whoops my ass got in the way. my bad [USER] nasty woman kiss my rump trump [URL]
0	karina getting fucked by hunter! [URL]
0	see our latest new albany, in job and click to apply: rn - emergency center - [URL] nursing hiring
0	rt [USER]: no need for pranks on april fools, my life is already a fucking joke
0	anal blech fuck in jungle man and girl [URL]
0	(black sails spoilers) the fact that my lgbtq folk all survived to the end!!!!! (except eleanor rip) oh my gosh!!!!! god bless this show
0	when ur a pissbaby and cant admit that u fucked up without victimizing yourself [URL]
0	rt [USER]: me knowing i'm fucked this semester. [URL]
0	i added a video to a [USER] playlist [URL] oxenfree: episode 3 - re-meeting michael
1	why would any pompey fan want to attend an end of season dinner where a fat scummer is the guest speaker? [URL]
0	.[USER] demonstrates again why i will never subscribe to their paper. they have failed us again. [URL]
0	üéâüéâüéâ thank you tuesday's!!! our customers are the best!!üéâüéâüéâ let e meat flight american fusion‚Ä¶ [URL]
0	[USER] [USER] [USER] many will end up in prison. some treasonous acts are punishable by death ...
0	some bitches don't be having no friends or one maybe two cause they fake asf!!!! not cause that's who they chose to b friends wit.
0	rt [USER]: claire is a fucking werewolf- [URL]
0	gigi hadid flaunts major cleavage & sideboob in sexy lace lingerie ‚Äî steamy pic [URL]
0	what a great night the cardiff music awards was! thanks to everyone that came, here's a piece by the cardiff times! [URL]
0	[USER] hey damon it's me elean i still love you i was just torn between you and another damon it's you i love most of all
0	"""it‚Äôs why we‚Äôre seeking answers to the big important questions like how we move the needle on income inequality"" [URL]
0	losing?my [USER] won, and has done nothing 2 show animosity to lgbtqfart idiots who still claim he is attacking the‚Ä¶ [URL]
1	3 shades of gay. queerlenker messe clubstand techno classica 2017. halle 13 stand 103‚Ä¶ [URL]
0	people be cutting my ass about my accent not knowing i don't give 2 shits
0	the team rainbows won the trivia quiz. they're getting better by the week. well done guys. [URL]
0	banks ‚Äì crowded places (visualizer) [USER] crowded places music news [URL]
0	char menu lite graphics & design utilities | mac app... [URL] graphics design
0	[USER] had refused to get involved with syria but decides to fire missiles 70something days into office [URL]
0	secure the bag. [USER] time to dip into your pockets and give the man what he deserves. [URL]
0	he's also smart so i know he's consciously choosing to be disrespectful, he know exactly what he's doing
0	also it makes me think of anglicizing ‚Äúnaruto‚Äù as ‚Äúnart‚Äù which fucking slays me
0	spring safety tips you & your pet need to know to be prepared in this new season! check it out:‚Ä¶ [URL]
0	[USER] lol see i was on yo shit but i didn't know i sent you a tweet geesh don't do me like that
0	found a transponder snail! davyback fight!! straw hats vs. foxy pirates! [URL] tr ecru [URL]
0	[USER] *deep meaning fucking typos <she didn't even expect. she planted a big kiss to his cheek. ‚ùùthat was perfect, 2~! honestly~!‚ùû she>
0	there's one thing jeremy corbyn is better at than any other living politician [URL]
0	they have done everything to make you, now tell them how you care for them! make them happy and give a break-free life. ba spa anch minute aur
0	people often say that motivation doesn‚Äôt last. well, neither does bathing ‚Äì that‚Äôs why we recommend it daily. kisses newtrendsetter
0	current weather in saint cloud: light intensity drizzle, 46¬∞f 65% humidity, wind 9mph, pressure 1013mb
0	[USER] and i'm hoping that you're aren't that damn shallow to where you believe a man's penis size determines his worthiness to love.
0	bbc exclusive interview with the state counsellor: no ethnic cleansing of myanmar muslim minority. [URL]
0	i liked a [USER] video from [USER] [URL] dragon ball fusions 3ds english: ssgss gokule (ssb goku & hercule
0	when the whole crew is drunk af & y'all wanna hit the the club, & mistake a road block for a club and drive straigh‚Ä¶ [URL]
0	miracle anti-aging skin rejuvenation cream nets biggest deal in shark tank history! - [URL] [URL]
0	ftl travel, teleportation, telepathy, psychics, weather control - some of the sci-fi in a vested interest series - [URL]
0	full interview: noam chomsky on trump's first 75 days & much more [URL] via [USER]
0	"‚úå [USER] ""should you get the guacamole on your burrito? a price analysis of your favorite foods"" [URL]
0	[USER] [USER] [USER] [USER] there may be more at play as well. i watched as a young lad was killed at cadwell...
0	[USER] hi i accepted a uni as a firm to make it unconditional but also chose an insurance, will that affect my unconditional choice?
0	perpetrators of brutal sexual violence believe male survivors will be left without care, even ostracized [URL] s gbv
0	[USER] thanks for the follow looking forward to many likes and retweet from you educating the nation tog‚Ä¶ [URL]
0	congrats to coach tadelman for winning the masters c 152 lb division title! best 2 out of 3 at the usa folkstyle nationals [USER]
0	[USER] [USER] because if he owned drama alert he'd be terminated, he's banned from owning a youtube channel.
0	furniture upcycling weekend at house for an art lover, glasgow south side | what's on glasgow‚Ä¶ [URL]
0	.[USER] on periscope: [USER] and [USER] - 2 live streaming pros share insights & pirate's treasure g‚Ä¶ [URL]
0	[USER] i loved the first one, with the ratings most followed by san junipero. i thought the weakest was the soldier one.
0	a new favorite: zeus on a noose ( prod. cat soup ) by [USER] [URL] on sound cloud
0	two girls fucking in the shower charmixxx [URL]
0	he comes home with tea and dinner... and now it's cuddles time. i freaking love this man, sooo so much! üòç ‚Äî feeling loved
0	rt [USER]: game !!!!! holly shit the girls game just went crazy
0	[USER] [USER] [USER] [USER] [USER] by d way maulana u always say sharia sharia then y dnt u ad‚Ä¶ [URL]
0	you had an opinion? how fucking dare you?!? [URL]
0	yo if all these isis soldiers training like this we are fucked [URL]
0	when you commit, orally or in writing, to an idea or goal, you are more likely to honor that commitment-r. cialdini [URL]
0	rt [USER]: a bitch needs to fucking get drunk tonight!!!!!
0	walgreens still expects to finish rite aid acquisition after deal scrutiny [URL] [URL]
0	'this tweet didn‚Äôt age well.' 17 tweets that came back to haunt president trump - time [URL]
0	a park bo gum and kim yoo jung inspired love story. üíìü§ó park bo gum litmpagsuko boo yoo | his ex and lies watt pad [URL]
0	[USER] [USER] kindly drop me brand new hit titled jubilation by [USER] [URL]
0	aircraft spotted: flight dlh445 is 77.1 miles away and travelling 464 kts at 36950 feet | [URL]
0	[USER] yay!!! the sizzli deal is back which means my breakfast sandwiches look like this agian! i'd rather pay full‚Ä¶ [URL]
0	[USER] [USER] i know the people who did work on the localization and they agreed it needed more polishin‚Ä¶ [URL]
0	thanks dude! in the meanwhile check out my show matador i did for [USER]. üî•üíÄüî• [USER] [URL]
0	what are some sex fantasies you have ‚Äî fucking you [URL]
0	the ceo of [USER] took a 5-year-old's complaint from idea to major change in just 2 weeks | [URL] [URL]
0	[USER] the success of duterte's fear-based campaign can tell you how fear controls filipino minds. didn't sun tzu s‚Ä¶ [URL]
0	on finite products of groups and supersolubility - on finite products of groups and supersolubility arroyo jord... [URL]
0	preganant girls getting fucked [URL]
0	_so sad! how doctors at fmc asaba murdered my wife after she gave birth to twins - husband cries out (photos) [URL]
0	"[USER] [USER] [USER] in virginia the ""definition of marriage"" was between people of the same race. exactly the same argument."
0	from tour vans setting fire on the motorway to selling out brixton and hammersmith. how things change! congratulati‚Ä¶ [URL]
0	[USER] [USER] [USER] [USER] but isn't unremarkable that the gender someone finds attrac‚Ä¶ [URL]
0	that awkward moment when carl palidinos son is talking to you at mtk and you want to tell him you fucking hate your dad but you can't
0	maga redhat trumpkins are bringing back benghazi. how about y'all stfu? [URL] [URL]
0	[USER] nico fell silent, glancing off to the side for a brief moment. she stayed silent before mumbling:‚Ä¶ [URL]
0	[USER] ..................... cum finga ma ------------> clean shaved pussy !!! . [URL]
0	rt [USER]: (ig) skeet dragging cole away on lili's story [URL]
0	junk is something you‚Äôve kept for years and throw away few days before you need it. yasner lionheartvsummerbod
0	animated fucking girl nives ivankovic sex scene [URL]
1	rt [USER]: bill russell career fg % is 44 & this nigga played against off duty cops lmaoooooo he stinks
0	how many more children have to die before russia cares ~ [USER] united nations is a joke this doesn't sound like [USER] <3 russia
0	[URL] villa chameleon spain. hit like and let us know why you love this‚Ä¶ luxury real estate‚Ä¶ [URL]
0	thank you god for this job. taking over my dads bills and being able to help him, has been my biggest accomplishments.
0	dogs eliminated and vaccinated in bangli, bali after local residents‚Ä¶ [URL] bang li bali today
0	varioussegments of pampered delhijans (encroachers,land mafia,dysfunctional& corrupt publicservants) r all cohorts‚Ä¶ [URL]
0	motorsport fingers crossed for some on track action tomorrow! chinese gp pic.twitter.com/lckk1koofs‚Ä¶ [URL]
0	learn how caterpillar migrated from a legacy platform to a digital interface. [URL] $cat‚Ä¶ [URL]
0	michael ninn sex legless chick gets fucked [URL]
0	super looking forward to more link to the past tonight on my trusty snes going live 630pm cst. retro zelda... [URL]
0	rt [USER]: yo cops loooove busting people for fucking weed....they irkin üôÑ
0	[USER] no takers. which means they don't need him, right? which should scare the shit out of all of the others?
0	'you look like a keeper, can i have your number and see where it goes' üòÇüòÇüòÇ maaaaatee it gets worse in disguise phys co
0	[USER] [USER] ooh yum! lindor is the tastiest chocolate ever! easter treats giveaway royal lodge uküòä
0	[USER] [USER] [USER] [USER] - amigo y'all played your hearts out. you didn't lose that game. t‚Ä¶ [URL]
0	ever wake up not knowing how you got there? imagine the horror... this is how elise phillips,‚Ä¶ [URL]
0	fly fishing ' where sport and craft combine - sports news headlines global articles website.ws | gvmg - global... [URL]
0	i haaate thinking back to it bc the feeling of how much i missed him & his voice overwhelms me now idk how i did it
0	rt [USER]: hail fucking state!!! [URL]
0	|| as someone who grew up watching the og 90210, fred andrews is really dylan mckay who left beverly hills & changed his name.
0	[USER] [USER] the poor cc will still be hard at work üò¢ looking forward to long weekend though üòé
0	what are the biggest challenges for restaurant marketing in 2017? qsr retail [URL] [URL]
0	be the rubber band, by cbm national intern, cait watts - flexibility is an important quality to have in your... [URL]
0	rt [USER]: one fucking day untill he kills us all [URL]
0	selena quintanilla 21st death anniversary: 21 things you didn't know about selena quintanilla selena quintanilla [URL]
0	"""i always thought you were a private person, but now i'm starting to think you don't have much of a life to be private about"" wow, rude!"
0	god, how i want to feel the cock inside yourself ! go to the link- [URL] [URL]
0	[USER] [USER] what was your favorite moments of [USER] overall? i really loved [USER] [USER] comeback tag win!!
0	fucking ainsley harriot is this car is this car is soooooooo freeeesh, its sooooooooooo dope
0	[USER] bangladesh, story of conspiracy, treachery.india's attack on sovereignty of pakistan. [URL]
0	today has been one bad ass day let me say is it beer thirty yet üòéüòéüòéüòé
0	"just because they think they're ""og"" even though that album is the one that made them popular. like stfu and enjoy the music"
0	fc dallas goal! cristian colman heads it in. tied on aggregate and away goals. if this holds, 30 mins of extra time.
0	hopefully all fathers and mothers tell they daughghters ben dover and his friends are evil cunts
0	the fucking thought of you with somebody else, i don't like that.. üé∂
0	[USER] [USER] [USER] [USER] these were the days.. when people were actually social on xbox üòÇ [URL]
1	[USER] [USER] who advertises on this show? we need to boycott them too! the resistance
0	"rt [USER]: ""did he just say ring of fucking honor"" [URL]
0	can bjp please comment if this is the party 's wish to erase core dharmic values? [USER] [USER] [URL]
0	fucking my sissy school girl ass doggy style with a dildo [URL]
0	[USER] that's why i've been avoiding facebook. i can't deal w idiots anymore
1	blue hand welcome all people. especially nazis. nazis are bonds friends. blue hand lies blue hand family [URL]
0	[USER] i feel that webmd enables hypochondria while ed institute offers enlightenment & freedom from social stigma üíñüíúüíôüíöüíõüíù
0	‚Äòbreaking bad‚Äô fans will now be able to eat at los pollos hermanos restaurants in‚Ä¶ [URL] | hip hop
0	yesterday, sad day for women but let's fight back. support planned parent in all 50 states. down with pence!
0	these politicians like cruz and john kasich has just stated that donald trump vs. hillary clinton wants completely open borders.
0	[USER] i'm just scared this might stop game fuel (yea [USER] make game fuel permanent!)
0	milf kendall picked up and fucked [URL]
0	"when your old coach still keeps in touch with you and says ""still one of the prettiest swings i've ever seen"" üò≠ü§òüèºüíñ‚öæÔ∏è"
0	when you have your notifs on for a fucking troye stan [URL]
0	intelligent transportation system market is anticipated to grow owing enhanced usage to reduce road accidents till‚Ä¶ [URL]
0	haveing a lovely birthday night with the fam a lam. linda clayton jake syron christine syron melissa sands xx ‚Äî drinking beer
0	wrong! wrong! wrong! wrong! wrong! america... in terms of the things that made america an idea worth... [URL]
0	now playing let it go (feat. da' t.r.u.t.h. & promise) by rell[URL] it go - single
0	bonita: larvitar ‚ôÇ(28.9%iv 0/9/4 rock smash/ancient power 0.7m/106.3kg). tth: 09:53:23am [3m 23s] [URL]
0	the essentials to add to your to-do list this month, on the blog [URL] [URL]
0	i like to put the booty butter inside the so long and thanks for all the i like you and i want you your next
0	op-ed: trump signals total gop surrender on health policy - cnbc [URL] health - google news
0	spring is here and the pests are not far behind. here are a few spring pest prevention tips we have for you! ‚Äì... [URL]
0	my cousin fucked up when she asked me to be a chaperone on her field trip üòÇüòÇüòÇüòÇ
0	[USER] [USER] thanks so much for being an expert learner - ready to transform teaching and learning with all students!
0	my mom walked into my room so i had to fake sleep and she took my phone outta my hand and sat in my room tryna see if my pc was on for 15min
0	[USER] [USER] [USER] xbox one s starts at 500gb. ps4p starts at 1tb which scorpio does, and i mentioned the ram amt.
0	vanguardngrnews: biafra: ex-gov. obi warns fg against use of force [URL] [URL]
1	televangelist pat robertson is sick and tired of gays and lesbians ‚Äòinfiltrating‚Äô the media and universities‚Ä¶ [URL]
0	the gears has a show on 2017-04-02 at 17:00 @ shibuya eggman in shibuya [URL] [URL]
0	[USER] [USER] obviously never (also the lyrics matching the scene right down the to stains looking like a w‚Ä¶ [URL]